wallet,chainId,contract transaction anomaly score,transfer anomaly score
0x6e3c0266e9a92c5139656b02f6b4fd9bb647b33c,10,2.9140636413453245,15.939161067301132
0x28736fa7ee306dc4efcee407881c80a25b82853b,42161,1.8813770531899576,17.94382650299464
0x573ffbf470591c8a57a9d5051a9cba632c539ed5,42161,0.4184941668625909,1.8995108555736722
0xc63384259e96c034c46d9d1e587855471f8d0fb0,42161,0.4184941668625909,1.8995108555736722
0x2cf8ee1652c991da8686c666ce0ba81b1c5af372,42161,0.4184941668625909,1.8995108555736722
0x94650aa843cfcdefd5717d768dcd49ddd99a89e1,42161,0.4184941668625909,1.8995108555736722
0xec3e421565f9c6ba5d6ccc7e2abf0a3492ef37e9,42161,0.4184941668625909,1.8995108555736722
0xec47a14ab8c8de6ef4f801c5e5e4eb9f215d5a39,56,2.29566322428312,12.251060145201038
0xb28a3b810594c409e56a12f2d105ed2b49f2ed2d,42161,0.38435698970123017,1.7585668501931138
0xfeae64a240486c5978787762e0bee2efae08edfc,42161,0.38435698970123017,1.7585668501931138
0x2c6c0b50ec9bd834065e7c695b66e13a09658e02,42161,0.38435698970123017,1.7585668501931138
0xd7acaa7577b700599d91fd014de47774ca18659b,42161,0.38435698970123017,1.7585668501931138
0xd5dd0b5afcec8477e77f4bb61ab8bb53804ba2c7,42161,0.38435698970123017,1.7585668501931138
0x344a245b3aa485b4b5bffec3385d8e8f26c5591e,42161,0.38435698970123017,1.7585668501931138
0x0291b1254653e372b963bdd5d2ec62a22a721d42,42161,0.38435698970123017,1.7585668501931138
0x46c4771b2b37d50316f634ab6ee7aa0f5340aedd,42161,0.38435698970123017,1.7585668501931138
0x0f6b08fe875879637e31290c0a49751c1b49db12,10,0.8854190538758091,3.5747004477109807
0x79578b1d14a91fb030b9cf90471249a483567831,10,1.3444876521604694,2.1907930693923734
0x6773aca31ac684d0b5ed82539b01a80014103502,10,1.2317945501517875,2.2917571407891626
0xa72a6b504c008ba27168a740ab329c69f2fb6917,10,1.2317945501517875,2.2917571407891626
0x5ec34f824a193d57a2fd9dd9f186d10a7b24440d,137,1.6223528285395736,14.165808248445307
0x851b7650c04a04a87a1f4102472caeb8a8a78760,137,1.5963297882927412,7.56953688783017
0x031fe019b130bfe0029fe20c1713ca822c4161fb,42161,0.31588213971311685,1.3222694461310125
0xf47785bf06f2021ff1bb4887c6d316c5b23e3c91,42161,0.31588213971311685,1.3222694461310125
0xa2fc971daff1bff9c5fc030b0eec9a83bca07dc7,42161,0.31588213971311685,1.3222694461310125
0x67515595d013c0ee39f4ba8603d696fe0ec4bf31,42161,0.34642738001165607,1.7089049732308754
0x7944544c1c573c68a3d515a8fb586abee9aa62ad,42161,0.31588213971311685,1.3222694461310125
0xd573fcfa7a1650204198b0096325b8255155de84,42161,0.31588213971311685,1.3222694461310125
0xc91b8226076a3b57738efea988be657d4b4abe8a,42161,0.31588213971311685,1.3222694461310125
0xe03d5874271c1e7b5adc3befcb1f9a4990ea5116,42161,0.31588213971311685,1.3222694461310125
0x5d9fe513669fac4cc1f8021f10c974d94d4f6af5,42161,0.34642738001165607,1.7089049732308754
0x0d9d0168feb24616222854d3c2971dd6d4c3bdf7,42161,0.3677408597426383,1.7628223619684993
0x31bebdb0ea89fad84fb1fbcff8511d10d3ec6d31,42161,0.32140644361833953,1.4143094841930115
0xad6cb3b21d489af35e95ce5ef9476a0b7fbe626f,56,2.8271179358612764,11.279607568325158
0x02e3461cae0bb98a934a952f0ca97c57f6d8d9b0,42161,3.044187146030372,22.094577726519947
0xac79f22f701510c570593b42dfa4d2318fa21104,137,1.0639925536099468,5.655259174807855
0x37e43a37c8e7553e3f6045f9bed752803fab51ea,137,1.0841698618148294,5.745609186732299
0xe8641737e6ad54fc41713a2f28e66f78a45a1f14,137,1.0959142025965005,6.114144235652615
0xd1bcaa0179e50614be044ddb50e47097fbe01a5d,56,3.3856681930907415,17.97403775621674
0xc09d3b19cbfe451ff71361887ba785337a0d89dc,137,1.0959142025965005,6.114144235652615
0xb640651b71f8792c0f80dfa1fae8a603af4424f9,137,1.0959142025965005,6.114144235652615
0x11ba8205909ef5394408f4a46671486dee930fa1,137,1.117829891768263,6.0531831611909395
0x53cc2cd8954d31a102e76b471854b7bbc9f3bd1a,137,1.117829891768263,6.0531831611909395
0x1a7e73dcea4deab005435785151528d09b14f50b,137,1.117829891768263,6.0531831611909395
0x019934dce40d5ffd6df7359c9ab182ed6ad69738,137,1.1767285786988957,6.584226204775861
0x5bf7a0c37ffb35358fa2f2e4d3d25e70e65a6193,137,1.1584869248300262,6.358839536355093
0x2f7e1c7997cfc6ef860212f5556b83f1bc88e242,137,1.2061385918291834,6.638828406955588
0x5828dbedea8f60aeed0718fe73d1085ba2f9998a,137,1.2061385918291834,6.638828406955588
0x2d13e0e8f0f8d77c4a2044908e968539577e261d,137,1.2061385918291834,6.638828406955588
0xdabdd321dc0d88f6f71d7ac54f48fcac91f68228,137,1.1937628393180664,6.751744882165698
0xeddb818c3de7cbf2001c24861500d3c4314b4e2c,137,1.2061385918291834,6.638828406955588
0x23fe8a27f6b0c89a75f7f060c3c6c9f6991d8eb9,137,1.1937628393180664,6.751744882165698
0xfc48344a37308ea9f71f6dbce727670630f56066,42161,2.8157968357700147,21.00331672000295
0x289e371165a9fee95d7768b21813d44b07ca79dc,42161,2.8157968357700147,21.00331672000295
0x8c0d41f3e3c2dafa30ef12531a65b00b6941db64,42161,1.7999961736402073,16.140311386231478
0x05d282ded8e9447ffe0cb3ed23ab0e0f5d0003df,42161,1.7999961736402073,16.140311386231478
0xc95ec9ac9f8465fb2b9cb983caef730bcbfe037f,42161,1.8006789701764176,16.039455811960224
0x6490d2c92110aa823d6097c03930ba1c107bdadd,42161,1.8006789701764176,16.039455811960224
0x487ca85b2cc32da90113bf5e8c9a668fa67ee279,42161,1.893497695596646,15.334630838774485
0xbbb5405e8ebd9672d7913abeacbc9d4aab8a52b0,42161,1.8006789701764176,16.039455811960224
0x8aada1bd34d9c83cbac6ee6fc3d0a3eaf7bd6957,42161,1.8006789701764176,16.039455811960224
0x4ce4a1c9547062197eba591ae26dd62f0bb3cfda,137,1.2022534627601094,6.577755601234414
0x140424a06e04252ba7b3a572aef2f8b80b05aaa8,42161,1.8006789701764176,16.039455811960224
0xaeb01c8c39a1f3dce749680ad265b2d43e3dcb65,137,1.6052220271398754,18.598672605778805
0x0254a6bbd4b9d357154e8124869f050a58016277,1,1.7812541080583673,2.414224765603045
0x5f3f6ecd05cd6593a1394c58c4456fcf64a26d97,1,1.7812541080583673,2.414224765603045
0x7583533e2fa293ecef907639854643c5dc473e13,1,1.7812541080583673,2.414224765603045
0xe029cb49abb47ff3009e2ac987d7f1c1c7b13ea8,1,1.7812541080583673,2.414224765603045
0x5f2445403e014c833e3156f392d33860659cbf1e,1,1.7812541080583673,2.414224765603045
0x6f030b74371167d3b71cf3214e749b0d1814c049,1,1.7812541080583673,2.414224765603045
0x41f3a1594d484afbc3b14127ade4ea9554d52a0b,10,3.4060314810872607,23.04298342713709
0x734553464035a09d8a060575d8ba48ceefe276b3,1,1.7812541080583673,2.414224765603045
0x78e738ce5b7fd7d60065653356c0ce8c522bb5d2,42161,0.39340947722792274,2.085276972051182
0x604d272659c0409256e0840292d5965c6512c97d,42161,0.39340947722792274,2.085276972051182
0xed6f8ae8879014bf3751f738cc7d8105f68eb8d6,42161,0.39340947722792274,2.085276972051182
0xb8320a41634dc0ff2dbb6a9d78f24a638ac9fe33,42161,0.39340947722792274,2.085276972051182
0xa5eca2893377d4d9dbf2a2b9f069cc1d70d40d7a,42161,0.39340947722792274,2.085276972051182
0x50978c14628f75af35abc4e0d13651cd531a7768,42161,0.39340947722792274,2.085276972051182
0x910b12be715c05979e40ffd6242df4640e53c1cb,42161,0.39340947722792274,2.085276972051182
0x0aa48dc678397f000151b135fb25ab050b4c865f,42161,0.39340947722792274,2.085276972051182
0x141e34a0ab3ac48cbfeac15ef54e820c326086f6,10,1.4494078492604103,2.198914627007566
0xd25d9e2d8bb5f923c651c11dbc4599f97278f854,10,1.4494078492604103,2.198914627007566
0xcfbc8cb4f870e512c5b055881f8ec9232de8fc08,10,1.4494078492604103,2.198914627007566
0xb5a8e4401cfcea6e7f7bd98c5411ac1a19a75a60,10,1.4494078492604103,2.198914627007566
0xf250afaa15335648decb48bb88a038e3de9cdacb,10,1.4494078492604103,2.198914627007566
0xd9c5245bbfebe6360ce6113ab12f8c0198c5d686,10,1.4494078492604103,2.198914627007566
0xf6a4fb82dd2b375fee5890a7385729782124cbdd,10,1.4494078492604103,2.198914627007566
0xb763076b77eee72e5bc23dfd1293be4b4ec7900a,10,1.4494078492604103,2.198914627007566
0xeffa2c15d5e7f4624bd55e4d58e1a248a3f218ae,42161,0.3696580782778664,1.8300823862711257
0x271f0b4405b0ceff4965e083c3859d509ef6aeab,137,1.0152604363728086,9.404553415061297
0x27fd191f041efb171f562946fa6d8ae500faaccc,137,1.0152604363728086,9.404553415061297
0x1c95455ea4de0ca47770404bed26265bd91a35b8,137,1.065248718948125,9.352730132206222
0x734cafd9a4700b67a34be88560c7ea5c64751fb4,42161,0.6459643324677554,3.5263003232441963
0xb64098a0f75120c6d6cb66e7ca3c31d6f79f54c9,42161,0.6459643324677554,3.5263003232441963
0x9ebd9854baf300a350f68f752a2a92a6d2daa46f,42161,0.6759023623851335,5.087030767848049
0x54e6eea9b9b5f59cd002295506d8e73ce1c053f0,56,3.780397482842278,16.868011279639987
0x7c19d8f9ab9bb7890deede5e000efefd64d2c526,56,3.780397482842278,16.868011279639987
0xc65ad4fcc28f6482940e694e04625b2d2f14729b,56,3.780397482842278,16.868011279639987
0x61afd5ce38a4e6d05b142dba5b1e36b304958a0a,56,3.780397482842278,16.868011279639987
0x910b4b7f1b242650f318e0bad0d86077343988f8,42161,0.3179086831670626,1.47923294289356
0x1cd238d047bcf2295a99548aca4d4c858ef479ab,42161,0.5254144313636476,3.6934308896434094
0x043b803f4c14507c63c456bf43e2fd563e3efe16,42161,0.36715633373575307,1.8799274083767887
0x485c37d0201bd4d625db5be497c85dfbcc62564b,42161,0.36715633373575307,1.8799274083767887
0xa18786b1ea33792e2967eeba7953173f247d66ec,56,3.461052910431755,14.720078658046063
0x245f97c8216640f1efc04ae24d8b3c402c788b99,42161,0.4398868385048413,2.410498928833602
0xd05df1561d264e9fd97b2947d68715d7f2a0039d,42161,0.4398868385048413,2.410498928833602
0xcc32bc654a2edce13f62bae698a78ec9cb9ca5ac,42161,0.4398868385048413,2.410498928833602
0xa71e34d57113a8c47135490dbb0b19eb33c94513,42161,0.4398868385048413,2.410498928833602
0xdd88715cb8e2bda5891769bbc9f513e6594d1757,42161,0.4398868385048413,2.410498928833602
0x2650a2f8b914a37c780144a27b8f078f95f4e262,42161,0.4398868385048413,2.410498928833602
0x340287c724237d98c0144ff2b4edf0773f8168ab,42161,0.4398868385048413,2.410498928833602
0x03a3aefbd82bd0a6e01b53a6d6d130518fa56245,42161,0.3830059378256202,1.8943882622738824
0x6f5c2dc5309d1d977829e684df8aa941f7f8670a,42161,0.3830059378256202,1.8943882622738824
0x23211bad7a0ad5d7373f6f8b323ca34a50da8b62,42161,0.4313465912013256,2.3148602256007846
0x9a3a02eece7eba3edb75f1f70b54160024401286,42161,0.39806316532537367,2.11909860806469
0x6f3d6b7161bd47df23dc3b5501d169ab66c7ef89,42161,4.149427875697503,46.550473319434275
0xdc14b7e637405bb35981676787a7b8eaee1ff49c,42161,0.39806316532537367,2.11909860806469
0xb1e072269b3cc9367aa2fd41becbe1d1560fb981,42161,4.180069786933573,46.5809747140214
0xbc40573e565e7099fcd1cc6ca569203bc39ba908,42161,0.39806316532537367,2.11909860806469
0x822b9084a49d474a5fb6c5ea09a18c24562705e1,42161,0.3492521921217931,1.5021094860681827
0xf072b7769eddee623178610ef90ecfb342692045,42161,4.180069786933573,46.5809747140214
0x6dfe5efad43381cbb25431571f329322c5576a81,42161,0.37209046977583354,1.822262551342916
0x700654008d8e85db08c8863771d8a443cb1365de,42161,0.37209046977583354,1.822262551342916
0x8b784d0bbea6d73a94cd77319e02c666cb421939,42161,0.37209046977583354,1.822262551342916
0xfcd3bf964930c10bfe5e90573b0eaa78be32af25,42161,0.37209046977583354,1.822262551342916
0x456bc5b60aaede0c9bcb83e6deb16f7566fe81dc,42161,0.37209046977583354,1.822262551342916
0x96c5161617323a56434753cbe43bad516adc7f48,56,3.0397119304056166,12.884104949727398
0xc7830f681bce28314d4762df23727f1273162368,42161,0.3652264224397427,1.6680085384558243
0xd82fc5e578ab7ea3038686f489da73725666bd7e,42161,0.3652264224397427,1.6680085384558243
0x815c5b5682b65c824f6ff30271a41492a367f3f7,42161,0.3652264224397427,1.6680085384558243
0x48f47953cae27aeca0f933e19fc3782e0847e848,42161,0.7735300693047172,2.5493994575745837
0xf16f998749d3a4c4792aad2497475363ab734afa,42161,0.3652264224397427,1.6680085384558243
0x43a4878215b0fb9bf687b5a7338d5d24d33dffb1,42161,0.39299015239792534,1.66853842451468
0x5ebe6914e5457ab8e16457cdb4277254ba6fc122,42161,0.39299015239792534,1.66853842451468
0xb64b3314398cdc80571bf64332cd83a35c3c4f47,42161,0.3652264224397427,1.6680085384558243
0xf851cda02ba316bd9789bb8c135751a98b4a39e0,42161,0.3652264224397427,1.6680085384558243
0x7f3e367b54fcbdc54a51be7ec4d55b6c67bc5596,42161,0.3652264224397427,1.6680085384558243
0xa0a61c8c84d8a0b6fb8b157fa173e8f5e95ab491,42161,1.2658830814666617,5.696636925188744
0xc95031f0acde800f23a07b46cfededc7fa888ae7,42161,0.336087848705008,1.6658202133062467
0x7ff108128cd50fcb923466d722bf2d31662aedeb,42161,4.02466846899807,22.917822701704992
0x8fb7c156f332e56c75f4d105800e1c014dd57cea,42161,0.7735300693047172,2.5493994575745837
0x3381353cbcf4ecc2a1fb3210e9aeccb8906b254a,42161,4.02466846899807,22.917822701704992
0xe55ca0b7c019caf8e41f37fe4d75d027d6a16dae,42161,0.336087848705008,1.6658202133062467
0x7980dcd4f79f58c4568e0392dc9132fe874f682f,42161,0.336087848705008,1.6658202133062467
0xce7e942f640247c0b635d24bb72a6d88c19d5fe0,10,4.235736314572089,26.580404429465577
0xe1ad2acc422de98505b81713cb3eca27cd6e52aa,10,4.235736314572089,26.580404429465577
0x9bf8e43b74c050aac13dd6a6a17410498b0d5582,10,4.235736314572089,26.580404429465577
0x44dca60a29b3abf91e3c9089f07f6c89022b5b1c,10,4.235736314572089,26.580404429465577
0xdb1b5326303563808fdede17b2d2ad4b3442b560,10,4.235736314572089,26.580404429465577
0xb36b385f2adabd3fe4462bdf351bd579aff31c30,10,4.235736314572089,26.580404429465577
0xef36026ff18b3d1f2285b0ba639c8155a0429ff2,10,4.235736314572089,26.580404429465577
0xbf94025560850a25773aab10cdc8a28602759083,10,4.235736314572089,26.580404429465577
0xf5fc8be3db1aae317fd55e0d7c30219d30024e2e,42161,0.34962565269126683,1.7277160701319108
0x2d790507627449a234ce12ea14a93113ae006868,42161,0.3481324355635229,1.692955246062602
0x359fc0bac2b31495975637e72771be0e8b94bca7,42161,0.34956271162205155,1.7284294982582726
0xb2e4f46e62732c177826cb225a32026653a3bbfc,42161,0.34963544334466456,1.788799434651043
0x1d8fc7047f7a6c3204125d30c5507c8b2e386e2f,10,3.317374325241086,19.06565213834052
0xdc43f2071aca73d5879c2551f01340e721a8ce89,10,3.317374325241086,19.06565213834052
0xd71f3134f15dbbee782abcba09147329321e48d9,10,3.317374325241086,19.06565213834052
0xb900c32398393f488268b6327f1378f38d59cab7,56,3.8924669624540815,13.575142361970785
0x97c44149bc79555c00f814dbd0ef986a042c3827,10,4.235736314572089,26.580404429465577
0xf2b771070f5b9486a89d9a8e345450b4e8d9e764,10,4.235736314572089,26.580404429465577
0xe64f89577e3b088f99a524b2d381d49c5ab9affb,10,4.235736314572089,26.580404429465577
0x8dc9ba5b21343cfc38f95e906a9c8b6a6d1d5e66,10,4.235736314572089,26.580404429465577
0xa382120de6f60ffa1aabc8acae69c0063ba690f1,42161,0.336087848705008,1.6658202133062467
0xaa8660430bb627d9a490099e77c357b48e545a17,42161,0.34602819734242685,1.6326081108649773
0x9c1d152cc101a68226c7de4d502f52ba0d76dc75,42161,0.34602819734242685,1.6326081108649773
0x89cbada8c98919e8c44d744a4234c2a8e22dc4d9,42161,0.34602819734242685,1.6326081108649773
0x7560e255f7d5abd4af80d48f9834bad510a27835,42161,0.34602819734242685,1.6326081108649773
0xd68831def418e64ebabe50ee9be293cbba2593f0,10,3.317374325241086,19.06565213834052
0x2a8818260f7363f431afa2240c572cf2c7d3ab26,42161,1.76928382404015,11.992508260542415
0x0a675ff9c2fd0000daeb3efdedbdaf811eabf576,42161,0.34530826562289135,1.6292664217412063
0x061c594850b9fae25cb8f832cf24e69fb0cfe61c,42161,0.34530826562289135,1.6292664217412063
0x875bc07c277413dddeea2afc578e215894a6e41c,42161,0.34530826562289135,1.6292664217412063
0x3d07f485f1f8f8ce4f72ce8b6ee6551e4a46585b,42161,0.34530826562289135,1.6292664217412063
0xdfe15cf84c2e17a4730ea43eb5bdb12ad23ebc40,42161,0.34530826562289135,1.6292664217412063
0x8160684b00f59b8d2049c23c71bf42d6ea533c3c,42161,0.17228779591204021,1.1150113565971504
0xbf7c9c4ece2c645ca15f8b961d82cc2414f3275b,42161,0.17228779591204021,1.1150113565971504
0xd1cc761f300185aa42a4db5725595f3aa1ac0965,42161,0.17228779591204021,1.1150113565971504
0x0c6487ee990b07a7d947a00c787d495f1a31f5fe,42161,0.1713674267881399,0.7809918074133343
0xe7bc6418a5e65b0cf4b43dfcf16c065b354a91a5,42161,0.1713674267881399,0.7809918074133343
0xecaff53edc8a02ab661398796c2d5d2cd65b5f39,42161,0.1713674267881399,0.7809918074133343
0x7d2925240e8616d01460ba8f9fb810a5eb64eb8a,42161,0.1713674267881399,0.7809918074133343
0x7db302e692ba1b9c16aa81bc648b25389c56c1ac,42161,0.1713674267881399,0.7809918074133343
0x87b9f2690343878a5776109a5883152da64eef82,42161,0.1713674267881399,0.7809918074133343
0x2cdfe4ad7601d912bf35dae269e65c7ea2e430e3,42161,0.1713674267881399,0.7809918074133343
0xc99bc5a9dec279da2527cba1e6dd66b65bae2dd2,42161,0.1713674267881399,0.7809918074133343
0x42bace1dc45f440e6b80b3796375092adf9ed800,42161,0.4044661277813054,1.799590203659627
0x3ae8e01536785f47eaa87ff1542ee509671ec8df,137,1.2757426107466647,7.64959078508639
0xc93e8aa6437cfeb173b7ed00bf996f5ee8271d94,42161,0.3179086831670626,1.47923294289356
0x5363dcb4e6526759f00ae61cca733f337188a3c5,42161,0.22804486433657561,0.18502704241389126
0xa03908fc8065c32e8fda5fdf0b493711b0f39a15,42161,0.32303154080403274,1.4547630106037108
0xcf4a41fe9c7051c6b944ba2e4399f208c0e91231,42161,0.32303154080403274,1.4547630106037108
0x68139ed0f389ababe5619fe534a245871844d4b2,42161,0.27664925088483405,0.9513870841995842
0xe7d76d25501b4b84439c4cce7ec4cdaf8a82feb3,42161,0.32303154080403274,1.4547630106037108
0xfe0fd51586001bbfa2af44214a25526e4995eca2,42161,0.32303154080403274,1.4547630106037108
0x6cc3b55f42e88e116dc3753cb410b9754eba71cc,42161,0.32303154080403274,1.4547630106037108
0x89e4cee97e133a82feacf94e6c4a254fea782a1a,42161,0.32303154080403274,1.4547630106037108
0xdd28714f3c2dd4f7c5a684f27121b43d76d9b2a0,42161,0.27664925088483405,0.9513870841995842
0x852da2b817cf2c700ac2fb50c445b72fb7a12313,42161,0.32303154080403274,1.4547630106037108
0xc01dde207a84c71149cde8b3657c5535c208aa20,42161,0.28026899763317575,0.9759718043769895
0x28b5b353f39556b9813156efe7a20eb2e49ffd81,42161,0.18135100300736973,0.46920553935860054
0x1b09b3ff16b025467fe0918a17b3d6594bb6ed90,42161,0.18135100300736973,0.46920553935860054
0xc585868effbdc81e92752ff1650122391916ae00,42161,0.4293468989434803,1.9832268145066407
0x2806af67ab2542f789c52fac45f49550c9be3113,42161,0.18135100300736973,0.46920553935860054
0x77cd71eb6f5d74c4b9e98f2ad1ab3309324b0c41,42161,0.3236491995057556,1.4528968053067324
0xc5b19e16e6f847beecbbed83788da0dada4a184b,42161,0.3235907177975852,1.4539631720676887
0x2719a5479fed822ebc7e61df3f811aa270eb9388,42161,0.3235907177975852,1.4539631720676887
0xefd2015da973d7c8eb44c15f4476bb54c87292b3,42161,0.3236491995057556,1.4528968053067324
0x94c356e70cde5e8d15f5da62c4a079561fe4f0fa,42161,0.3236491995057556,1.4528968053067324
0xe803303c8033db9828c6649e7e3e5cf10b041675,42161,0.3236491995057556,1.4528968053067324
0x7786bbec3d6404ca164c92bee41e848dae8fe01b,42161,0.3236491995057556,1.4528968053067324
0x455005627e4f6f3db5533ced1c9f965ef42fbe63,42161,0.3236491995057556,1.4528968053067324
0x7d22b29ff0e0d5d97208619b15502997d2b9e585,42161,0.3236491995057556,1.4528968053067324
0xf388f2cdec1632b971a12fed96b9f3692bb7ccc6,42161,0.22769036197758785,0.922600937599095
0x9950bb68def6b5f8fb944b044bedb51415067b46,42161,0.22769036197758785,0.922600937599095
0x4e34ea12632c17d85fb918790a13b4d6f0210898,42161,0.22769036197758785,0.922600937599095
0xb350b6e60566d25bfeb0d060afea2345e4ff5f38,42161,0.22769036197758785,0.922600937599095
0xa6201f95ed33224ffc737399da55c270567ac2f9,42161,0.22769036197758785,0.922600937599095
0xdf9ec12e164a93291dabf24d5e7d1853250ed1d8,42161,0.22769036197758785,0.922600937599095
0xbb7dd52e8dc2939e156972bafae2cb746e4041b0,42161,0.3252551817092647,1.5182246779070245
0x20be7f4b0ceb4bf3d3dda29adf732e3d0bdd4d0e,42161,0.3252551817092647,1.5182246779070245
0xf2f277c4df2def88532052bee238d740a01027fc,42161,0.3252551817092647,1.5182246779070245
0xc47290689e5c69d05ec04b44969270066337ed56,42161,0.3252551817092647,1.5182246779070245
0x2f08d7d4e86e0521b3452fc84eb2946ab7393eb8,42161,0.3252551817092647,1.5182246779070245
0x6ef70828f9bc140262c869414dce2d144062e350,42161,0.3252551817092647,1.5182246779070245
0xe78cdb320dbe8d3ceb35fb75f231c3bf46f21987,56,3.6239013297463365,11.620805235436734
0x994f2f92876ff3cc22abdfe85561d42bc6875ae2,56,3.6239013297463365,11.620805235436734
0xbf78f91a772782a1c4c9426461ac89327a5f1b78,56,3.6239013297463365,11.620805235436734
0xbfd3e77e4bca7ba87dd4ec5bedfc0854ee1d57bb,42161,0.3553779489023283,1.585043379292449
0x8b28cdc0688c407dbf9a7686f872ed0cb2bf8473,1,1.6326621544388378,2.0676231418329123
0x91f4da9ba2765a1cb1871ea79f9dbdb0830df9bf,1,1.2124907673614804,1.405114879578387
0x0c760e7808753aa9108fc8302ff9f885c3741df4,1,1.2124907673614804,1.405114879578387
0x2004c632347ad5a2fefc87e6ced2e99650021e7b,1,1.2124907673614804,1.405114879578387
0xc4e3ebdd34e0a4acea3660e9de7b983dd12c3be8,1,1.2124907673614804,1.405114879578387
0x33108feb08a9d89bff0a2f46bb460118572d9a29,1,1.2124907673614804,1.405114879578387
0x85f34591e36b86e3c7417a9a3551a0dfe1a71b37,42161,0.3660023902453433,1.6623518725141586
0x64053062750585519dcd824e0daea189bbbdb110,42161,0.24578729434689223,1.6738995660260385
0x222a37bf377002077d1576da1d42d41340903f59,42161,0.4400175862950171,1.9676012785502819
0xe7b8e0fbd1431ab84884b34321aeac47c933cb40,42161,0.4400175862950171,1.9676012785502819
0x8201ee52b107cfb811b527757a2acf732dddad3c,42161,0.24578729434689223,1.6738995660260385
0xb3ffc7364e93ca5216993d0b6ba950debc07ba86,42161,0.27941356547294366,1.9372603009145444
0x867b9aa1edb55181760818fdaa37ee282224d696,42161,0.4400175862950171,1.9676012785502819
0x6745de3db7dbdb8ffbb605c525cab7e5f147b656,42161,0.4944952146557676,2.357097378939549
0x9909e6c60b01a37fbc40060cdf75e9a91279a46e,42161,0.4944952146557676,2.357097378939549
0x0ec054a61bb18ce2948e382aa530d2780778094d,42161,0.4944952146557676,2.357097378939549
0xd3281bea1a8c018e8e7937a00904f9f0e2958801,42161,0.4944952146557676,2.357097378939549
0xc03f4f15f4f990322ac39418cbb07d5ec140aa75,42161,0.4944952146557676,2.357097378939549
0x2db213a318b8e58257f1f5dff2f45ee7d4994abb,42161,0.27941356547294366,1.9372603009145444
0xf11faac0e11133c0485705464e3c24fbb23f1d75,42161,0.27941356547294366,1.9372603009145444
0x84aaad9ee08151f61a00d662bd2e72c787c52178,42161,0.42499197296001756,1.9463550298383254
0x70f9e695823a748d0f492c86be093c220a8d487a,42161,0.39299015239792534,1.66853842451468
0xc09ad59307faf8720202b44033d2b2ef4ece70f9,42161,0.2844934826112824,1.7935142289874255
0x1b0df227eb7c49d64dd33537034dd72f276864df,42161,0.4215927155308475,1.9434943134484879
0x30871878a9d9f2718170c3d7750e7bc059b9b3f2,42161,0.4215927155308475,1.9434943134484879
0xbd5b5cad1cf37165f7dee1f0fb438c570644a32c,42161,0.4215927155308475,1.9434943134484879
0xd88a3df2950a9408c05efa29fed382b1f347d34d,42161,0.4215927155308475,1.9434943134484879
0x54d03c1157c0479b2cf8e5ab2b0472cae10e89db,42161,0.36465935785202597,1.671401012832532
0x49f94ebeacb32a645070abd88e794043f5b30fac,42161,0.36465935785202597,1.671401012832532
0xbb0a0acf60e76e65d3d7903ff141a02013858ff8,42161,0.36465935785202597,1.671401012832532
0xd1b0bc1261d4c154f89ae264f038a82d69457a32,42161,0.36465935785202597,1.671401012832532
0xb5e9da499f9cc2a4cd46e79ff03079465a3f296d,42161,0.36465935785202597,1.671401012832532
0x788c3620e5e456929cda320fef3e901543ac9056,42161,0.36465935785202597,1.671401012832532
0x7ba430bf3af3aedf2b2bbbb205e0c779ec3ea2ff,42161,0.36465935785202597,1.671401012832532
0x102351b800fa9c05fd1036c9dcb9ea246372c215,42161,0.36465935785202597,1.671401012832532
0xe08602556d36c7453a171379fd47511935dc3bdb,42161,0.36465935785202597,1.671401012832532
0x6eaa182f2b9f8825c6d2af607a4c21e9c8e152ff,42161,0.36465935785202597,1.671401012832532
0x3798116830d681583eb22b7dbec5be2656996d21,42161,0.36465935785202597,1.671401012832532
0xdb5540ba4e52b3e022b0c894eb018864f49ee6a1,42161,0.36465935785202597,1.671401012832532
0x5fab95719e9c9ec9444291db049d1f9621ff3b2e,42161,0.36465935785202597,1.671401012832532
0x5c35493f5861e043d7093a126da28606b02b6ebd,42161,0.36477031053630893,1.671600834679118
0x165096823f330a2b18fd4f9e0226744050cf57da,42161,0.36477031053630893,1.671600834679118
0x0c7b3a84b2a57f663686c1301732dadf819e30f5,42161,0.36477031053630893,1.671600834679118
0xea8a7ca43f19b7c80bcb7288837727b9c948ce2a,42161,0.36477031053630893,1.671600834679118
0xfffcf1ee762c161feced5e23de43bcb7a91f21d1,42161,0.36477031053630893,1.671600834679118
0xeb30078f57400f88a9e03b5c8b889207228fbb85,42161,0.42284576289801706,1.9721051459489776
0xf47136409e74142ab36726a1997ea65c5c2929db,42161,0.36477031053630893,1.671600834679118
0xaac4b930a9cbaece85f4d0c269adaa5bfdaf611a,42161,0.36477031053630893,1.671600834679118
0x0a0b67d88ec885512fbd0c9f4f9ffcfcb8894271,42161,0.36477031053630893,1.671600834679118
0x956c0af00ed6290d4cd3ca90cad53fd5c1ee1075,42161,0.36477031053630893,1.671600834679118
0xa08f7050bb5c198d2421a709375dadcfc230d16b,42161,0.36477031053630893,1.671600834679118
0x6c857217610c637d7ffd6acc8d83222cccedca6d,42161,0.42284576289801706,1.9721051459489776
0xba34025ea82da2573826d9c8d2193d63d869e28b,42161,0.36477031053630893,1.671600834679118
0x13759aa389d6f4606feeb0e1e1c25e0528d5a458,42161,0.36477031053630893,1.671600834679118
0x5010ea5c1a214bdf51683e2ed3c6d43fc35a923b,42161,0.36477031053630893,1.671600834679118
0x31f49e8326c942b8f7c83c349805ea1b684d7cd6,42161,0.36477031053630893,1.671600834679118
0x0021864b1d0084d99e343b03c79e1fba4d12da9e,42161,0.44518098273243517,2.1517158147142426
0x2e025176eae8b1133572d9007b539b317cb9ac82,42161,0.36804932747854063,1.6903580735191361
0xa768e509cbfa164b49573fd5b10c939ba4bf3b9c,42161,0.44518098273243517,2.1517158147142426
0x9d4cc4d16b6324a73fe3e5e43a86bf9a130ad011,42161,0.36804932747854063,1.6903580735191361
0xd916b818ad599a22808f082b9b73ecd672168a53,42161,0.1429087841908664,0.8074179743223966
0x956890b7d1905587902b51f2cb3790b1c8e91876,42161,0.1429087841908664,0.8074179743223966
0x9680ed668d7e1774e4273813928a37b67f9bdbf7,42161,0.38517699231488156,2.045596107391497
0xaec09505715616e6158402ff0d416cf5b9152b66,42161,0.46310097358599617,2.280311457174639
0xbd624ba5d0526e87d4728c3b24fd14f3f7ca9166,42161,0.3660933801743356,1.4840639069026607
0xce21715d7ed334ebecdcfc8a286820777b792029,137,1.356243527646105,4.262925897741468
0xad882471d38f2a1f5280bbba92e86bf7ce83c655,137,1.356243527646105,4.262925897741468
0xd0d425776f774e98f0d4b676cf034fd195c67082,137,1.356243527646105,4.262925897741468
0x2357ee37df6eeafeb221bbbe80939cda1fc2e4f7,137,1.356243527646105,4.262925897741468
0x2fce8f7260286547c88fb4fd1ecab68e8b9fee2f,1,1.0542061400384641,2.658017856810006
0x929323d686966e9c1fa3560987204ba00af4ce5a,42161,0.24637746377463776,1.4128869690424766
0x4bc4bbc9f76fb9469d29035c154b87a345b63145,42161,0.524181862053893,2.117052618826883
0x1ba7611f4e3eb5f13d68e5355a291bc21f694634,42161,0.524181862053893,2.117052618826883
0x5ead509a342f6017c96aa1ae49e0cad15b7ffa0d,42161,0.3762026833571928,2.9426635655779148
0x08facc72b9375b7b685ee1467467bc8c3b3d4630,42161,0.5190974071364693,2.1129300856858033
0x26d34809b012f162926755c8221e3e20d9a6a937,42161,0.42085817287681937,1.9807763793744357
0xa83e588c95400107139595b61233c53129f9d071,42161,0.42085817287681937,1.9807763793744357
0xeed1e81a64608fac5f48f3c82ecb7eaa51c78f4c,42161,0.7813477256709797,4.1722722559747725
0xf2d0a46ebbca31436a3b5e5366d9d725e518fc32,42161,0.7813477256709797,4.1722722559747725
0x5ae1e474fd5c7f11fdbfcf969aa4e27371680561,42161,0.42085817287681937,1.9807763793744357
0xef7f9c638c9bcd227df535f0bfe27701bf1ead36,42161,0.42085817287681937,1.9807763793744357
0xf8d0b189b6c2239abe7438c81010a4d245c3e49e,42161,0.42085817287681937,1.9807763793744357
0x0f80f5012fbdae74c8a9ddfe7201101c45470c22,42161,0.7993195519979278,4.166494471599084
0x5b148773bcc6ce7d5a6b16db6b7cf55ea58fd89d,42161,0.4046986722437959,1.660541058566251
0xf62a295bca894428cf8a84059b62c2b73efe2ae2,42161,0.3997297240011895,1.6369456112454877
0x87a073849a9044f40e78b06f0245b680f9f78a21,42161,0.3997297240011895,1.6369456112454877
0xa8cc54310c921f070cf8200ec43a31d6dd865819,42161,0.3997297240011895,1.6369456112454877
0x5a4f6b19b6a24872e9a93232c515697ecf34ddd3,42161,0.3997297240011895,1.6369456112454877
0x6f0728ba40c351e489b10a4733c6f2fde93afe45,42161,0.4046986722437959,1.660541058566251
0x33cdf71285f317fa413bbed011b6097d42c0ba4b,42161,0.4046986722437959,1.660541058566251
0xe2002eca3389380bb0fbb803b6c49a8e67749d7c,42161,0.4046986722437959,1.660541058566251
0x9b194bd0501ff6be99de90d3cadf0d4eccbc5e11,42161,0.4046986722437959,1.660541058566251
0x8c3f8f327e83792a20d92043ba5b998125f4a2ff,42161,0.40439709778720767,1.6532728355388455
0xc7475e5b0a7fd270a19a7c141d989382e0fc78ac,42161,0.7645454943810157,4.238978490167803
0x6a5a1e668774521a772c59281e3f01bb9b3ca211,42161,0.7645454943810157,4.238978490167803
0xe0acd5b7a429be37d21df5dfbcd6b93a9a8aa8fc,42161,0.40439709778720767,1.6532728355388455
0x5c057c4485276093eac71d2edf1308bceec76585,42161,0.40439709778720767,1.6532728355388455
0x281c1be0eb4d97b34bb1ace5959b53792ffb07e7,56,2.109925541816248,11.691415785191213
0xb2587f2c059269b28346d04b40c0aac6c76d86c3,56,2.109925541816248,11.691415785191213
0xe25ac095a092f2e465d4c83b0b674682d89e3204,56,2.109925541816248,11.691415785191213
0x614407916f961b6d8b06eec323ba56791b09e2ee,56,2.109925541816248,11.691415785191213
0x0efb2325b1813c27b71e209e485aaadb2e88cf56,56,2.109925541816248,11.691415785191213
0x79d493e0a7e79985b90bd1c22d014a8c9e80995b,42161,0.10123414661889324,1.0177906495655773
0xad805b414ab87a25e869e777353063e1b4486409,42161,0.24158875315635023,1.4567124648237046
0x8df930992507c033eb2156b22101392650a1dae7,42161,0.10123414661889324,1.0177906495655773
0x3b50287305cf52ff892ae40106a905b53fbfec17,42161,0.10123414661889324,1.0177906495655773
0xa0138077085586f049938a7dd30a1d1364dfa5c6,42161,0.10123414661889324,1.0177906495655773
0x96aea6fa6566b5206cde1ddda8d957febf0d3954,42161,0.10123414661889324,1.0177906495655773
0xb29a51315940e6dc379fe69ec08971786ce99dfa,42161,0.10123414661889324,1.0177906495655773
0xe1c7344be3742a264214edd9f60e0629486c6b1e,42161,1.2371559160108596,6.234747697394316
0xed1e45cb5c08c977c586acc84bc99c3f58c60184,42161,1.1631900716689947,6.006006006006006
0x9ffe182651c3947b016f12ccb7e5b45bf92133c1,42161,1.1631900716689947,6.006006006006006
0x0b6cd0e71936518b4401db56097ca986da17b72c,42161,0.5496098874542568,3.223935277056938
0x340dc064efcfc09e1ce6bde8b1f51ffa016a52fb,42161,0.5496098874542568,3.223935277056938
0x3877c700cd8e31ba30cd91926277e587154e8d6b,42161,0.5496098874542568,3.223935277056938
0x11f8a24ee4ea741d18b6e4d37faf053dfe47e458,42161,0.5496098874542568,3.223935277056938
0xf076fecac7c85dab601883ced228f360e906b6ec,42161,0.5591597157862218,3.024793388429752
0x20dc08486baeca7356812136427344b5ebc71336,42161,1.2371559160108596,6.234747697394316
0xa4cadbe8898d5f718c3fed7a3aedc323765cd993,42161,1.0922686583323646,3.905545948315756
0x5c2b6fd3b98b6acfe8536c549c1b9cfcc440f04f,10,3.3371308714566212,19.663278567507124
0x4b9a5e9bbe0233ffe35a57384fec68ad6565d801,42161,0.5964028574906138,2.774198438565906
0xc04e147d8e66afa9750b94bdd10ec47cf861163a,137,0.7287309732223708,11.788280818131565
0xf5bd5e3f0fd59a3ac00cf26ab1b8de4628dd1d2d,42161,0.6432281262485018,3.1919191919191916
0xc2f13ed81efe09aed8d173061a84642c34eac636,42161,0.6432281262485018,3.1919191919191916
0x42811d8e05a74bc4f609ba674f3d693bc8fa9789,42161,0.6432281262485018,3.1919191919191916
0xa819e966f1a0d5f5221294df9e3b398fc3cdf061,42161,0.6432281262485018,3.1919191919191916
0x399ea930aabb78ffc7d184bfa6c16022b4f411a2,42161,0.6432281262485018,3.1919191919191916
0xe443c495715bd6174278f62b767550f63a235272,42161,0.6432281262485018,3.1919191919191916
0xef142a8d80470852a783374f5877d56b56d9f657,42161,0.5591597157862218,3.024793388429752
0xb3d7b00d213df88f0dfad216024b17bbd1148687,42161,0.5304116115227002,2.997437305509793
0x6a5f8954a5fd4e2e74a2c687b1ab979be1fe33ac,42161,0.5304116115227002,2.997437305509793
0xfbf188c214a69b72a3709118c5c7dc3fa86cc8ae,42161,0.5304116115227002,2.997437305509793
0xbf3244cb7d01d53b9c55ee03527ba53f9630e2b6,42161,0.5304116115227002,2.997437305509793
0xc16a5229c0ab53381cc0ed6f65b51f5a713d7a64,42161,0.5304116115227002,2.997437305509793
0xae6589876bf475c7f8afae012ca06c3bdd8923c3,42161,0.5304116115227002,2.997437305509793
0xae8a0a84f52c39f31508819b3f816779ded872c5,42161,0.6417298254210364,3.675651592782357
0x3d67ea1e74fde8a29b05ffdaf1e78a7ce1277dea,42161,0.5829802910296555,3.651488616462347
0x6a263b3f14f293bb3b3fd8723c52fcab00325184,10,2.705769301255277,14.644987509889857
0x1c0a50a6313e935eb35ff34677daaf5e6b74c8e9,10,2.705769301255277,14.644987509889857
0xe0d0b06471af1f69f1559e19c271d57fa899fbc9,42161,0.6881983540589365,3.933561824413393
0x67af8ff7286a2e61bc584124926c7d8faf0a2b88,10,2.705769301255277,14.644987509889857
0x41c7a0ad9d35d8fb7223313ef382361a3e5300de,10,2.705769301255277,14.644987509889857
0xcbe263cfd2202c942fc70e7b3bcce71d99bf0696,10,2.705769301255277,14.644987509889857
0x81bda38541e89169a4fa7d30a130a7137f4c0f63,10,2.705769301255277,14.644987509889857
0xecbc1b37e991f9bb6137969daa8054a4709129c5,42161,0.6282935990658998,3.358517619809188
0xd6b26576e91514260ca873f0985807a53bb322f5,10,2.71304210579718,15.89990090326108
0x12b7d517ef256527b6662b42dbd265f0ef309567,42161,0.7520641474905231,4.437980402034548
0x9096bbfa93f6423017391c0d6f706780c131ce06,42161,1.1356360863824622,3.8704023757941632
0x2b1501107c36df056ac953b73ebda4544dc5b731,42161,0.7710254312908983,4.848582474226804
0x1f6326d3c4123727090596ea103edaff61e3bcaa,42161,0.9460081630077197,3.6957730690242543
0x66f37e7822071e77d4861fc78e089c426f55c939,42161,1.05885881015513,3.688444251529705
0x6116f34b420b54529de86f1974e1706ef236a0b6,42161,0.7661829211228821,4.550283823574052
0xd6546354cfc3a0cf3ce14df181ca9d1ff8f49bda,42161,0.8181109104224152,4.899221287641311
0x93d10f5e1e745e7300250f4a78fafc975a5a2642,42161,0.8181109104224152,4.899221287641311
0x69e24860fac08efe8e8245fed7c62b442ea49b4e,42161,0.9253626988288761,5.608247422680412
0xe42791db5353ea63d57a37063fc69d7193cd509b,137,2.2743984125545182,22.191872664291125
0x516331aad86c407da13daa220f27587ba9e0df39,42161,1.075448884246618,6.715322343861415
0xf62a577bd057d32f26dcf6e76536fca46ba41e34,42161,1.075448884246618,6.715322343861415
0xb408245f20236f98aed039863e625baa330002a5,42161,1.0292137674284114,5.171613271902568
0x3687095380a59d361b82b6eb1506311cfb6c84b5,42161,0.9934640522875817,5.952459016393442
0x6c76a09b2dc90345db0c4b9a5227f003b661e196,42161,0.9860022889338851,5.894599663074918
0xe40298e223ae6784efc9f853bc13cec3bb0cedcd,42161,0.8289553488292628,4.781415277498828
0xf5e56ee86bcdba037a6ec4d51269aef4a093bbc2,42161,0.9420098534928092,5.596770253416819
0x5cfe0e5d7067d54854e4b095450c0cc3952e2076,42161,0.9420098534928092,5.596770253416819
0x078edfab276e0c58a808e3b4fd88d0bcba4d4fc3,42161,0.9324140783246624,5.556167872931899
0x482704e6ae217126b20b79ab08f69130d69f8866,42161,0.9124201031947419,5.269379256495901
0x4d16890942a0b345e568c2a14262dabbd3f15e3e,42161,0.8498687410212775,4.831370958542984
0xdbbfcbdc502873b4e46f4344d0fe75c01d02e721,42161,0.8191524168569405,4.724012717827545
0xafe3b854be842381954a01aecba1d47adb85c606,42161,0.8090581048708458,4.213426578547498
0x06ef0e51711a7234cb0af179ec5fd1d5f6cdd3f2,42161,0.8158734295190392,4.238708836523639
0xc9e30eca3065f3fcc4b028d010e2c4a10e4500b2,42161,0.8158734295190392,4.238708836523639
0x8be848527b27b56e5cc99942276ce3027be3ab71,42161,0.8158734295190392,4.238708836523639
0x074bfc2b4d81efbbfdc2dad9896fb47747bf3299,42161,0.8120233384864792,4.12831334905225
0x3bde4fc1e77beca96410d938d21d932496b3806c,42161,0.8076493494732393,4.160789285997306
0x79b2d34fb3f15eaab4d5dda61c415378fcd8e228,42161,0.8021831226775593,4.161892069558845
0xb923c9c9bb44c07e6d0877e6908c504849cb8299,42161,0.8021831226775593,4.161892069558845
0x5967317c09b8ae8c0f3c39c25ccc187e03b810aa,42161,0.8021831226775593,4.161892069558845
0x868e446aea5d99e809dab2167b2231568c0c05f5,42161,0.8021831226775593,4.161892069558845
0x571eb9e103354d44cadb4d8b4f11c3850f252b34,42161,0.7760407853984742,4.210840749268779
0x76e657dbd942c33ef2995d650ab7b82e09474c1b,42161,0.800189099858756,4.153828152424042
0x6ed412ce4a919786e55ede16521fdfef5ef69f76,42161,0.7957785239641024,4.188647785687043
0x3f8305a6a96079bb203c5b5cd3f0e1995dff0b69,42161,0.7957785239641024,4.188647785687043
0x877995358ce10ab2578033023eb03370fb871d2f,42161,0.7852330242589415,4.175771139180251
0xbcedadeba0f6096bef0152f8ca58458d751842ac,42161,0.7852330242589415,4.175771139180251
0x646e1c70b74c20850d23f98aa947cdbe48ec2d87,42161,0.7760407853984742,4.210840749268779
0xe2f9ffe194e306046eb0b73d563b162687a7b1e7,42161,0.7852330242589415,4.175771139180251
0xc1c693da68588cba90cb9833a5f7c737bc0180cc,42161,0.7852330242589415,4.175771139180251
0x59bcc0ce21370b5e7a618c7f9d621f27cda3fa5b,42161,0.784063989002908,4.185110399305442
0xa955d0a86abb94fbf27f932ff55a5988d14ccdc8,42161,0.7770713411821336,4.16967920534115
0xa89e55f7c7394f658a941ec330eb4df157bf2aa5,42161,0.8383796019671829,4.275554899355283
0x364980a4bdc96d43ec0fe7d0c026bc459a071fe5,42161,0.8396404962766832,4.270066293976923
0x98a37690b4663bda66b536df1721c93bf41a7668,42161,0.7768098023392398,4.214910639731808
0x0ff67c926fd55ce3ea0b1e84234b39510bfe2092,42161,0.763495158066021,4.202967580897027
0x6719d531adfc6678dcdd68782e6b87d349a52072,42161,0.844429492894498,4.273303998565763
0xc26cc06c9bdca5e83ac3f32a8ac90f37a30088a3,42161,0.7619826765362215,4.232708675547759
0x54758b37d6837edfff3cf14a63cba51693e50514,42161,0.7619826765362215,4.232708675547759
0x48190a86e71aab1fedc5aa0de204f0a9585458f6,42161,0.7619826765362215,4.232708675547759
0xe0ac9eefb9e277b5ffb82db11116c7e08235c43e,42161,0.7619826765362215,4.232708675547759
0x84d2fa6ae058b9691d835f352bdae441a42ed101,42161,0.7619826765362215,4.232708675547759
0xb110157e057995db3319b8faa4ba80319ea87ca9,42161,0.7619826765362215,4.232708675547759
0x961b1f824d2f8270ae8a752535674277089cd6e6,42161,0.7619826765362215,4.232708675547759
0x35c05d42d2a9fa54bf46e49a0845bcf5a22b697c,42161,0.7604517613103086,4.2279495599033154
0x743fb45d7503bce1533f29ac1dee5f5dc226fac8,42161,0.7604517613103086,4.2279495599033154
0x87e169ee9469539ae0c4f1d7c347b077e554b518,42161,0.7604517613103086,4.2279495599033154
0x79c3dbde40115873e64bb82424e3fc0a91931598,42161,0.7604517613103086,4.2279495599033154
0xea4c83432a4a7c9bcf527f7cc47606150763d257,42161,0.7604517613103086,4.2279495599033154
0x0992ba17f502d5afa2fc65d14a17958fdb11c05d,42161,0.7681253380747919,4.202261442726741
0x81ea91a5dea014b7f4a8cc33558a4804c19ed09c,42161,0.773678651268957,4.2110639026072825
0x7a59704dc126fcc0214d12eaf7f1c2c224a9376a,42161,0.773678651268957,4.2110639026072825
0xc640aed002c8ece14e1080de6500f112201171a4,42161,0.773678651268957,4.2110639026072825
0xce9559c50a15d35b0fef92edf8f4b1c0cdc79a65,42161,0.773678651268957,4.2110639026072825
0xfc41e177b9df4e42b9aba32c9867598a16beb3b1,42161,0.773678651268957,4.2110639026072825
0xcbb77adda43bbd571db405f35d3a299a854800d9,42161,0.7734989759455763,4.1607427899791105
0x0084e3c31055dbde417acde052fb1ceda813fdb0,42161,0.7733321530083931,4.167928375322997
0xf5edb2eb802e2fecd3a7529b026ea53c3c50a665,42161,0.7760407853984742,4.210840749268779
0xd8c975501a934d9f10da3999965cde1661bcde74,42161,0.7760407853984742,4.210840749268779
0x4d39d85a036dc5fb4d2f0a7afa7a0aad3c602d13,42161,0.7760407853984742,4.210840749268779
0x40471c0f9a5ee87424541f723e161c10edf06fae,42161,0.7760407853984742,4.210840749268779
0x73f471e91036baf91b9405faf152bf1591917012,42161,0.7760407853984742,4.210840749268779
0x4f834b851d30abf7b9fbf8920c482caa03038e84,42161,0.7760407853984742,4.210840749268779
0xdbd35d44b7057b0be8e686f3ff63875dae47e063,42161,0.7758593259775853,4.207970720397783
0xcf85b18580d312384d055099f3c8c11d580713cd,42161,0.7758593259775853,4.207970720397783
0x03f20e84561df365065273b9a5f6c31e93557e2c,42161,0.7758593259775853,4.207970720397783
0x8d1a433b2344ed0e61abcd67ca67d1a4d8c8d47e,42161,0.7758593259775853,4.207970720397783
0x26bf2994cb56861c2b1e1d5df504844d22e5683f,42161,0.7758593259775853,4.207970720397783
0x3e53357ca3a1796ef253f104878c0713d8eadddf,42161,0.7758593259775853,4.207970720397783
0x2736996c638e2afd763f92c9fb4048b6666989ef,42161,0.7724213781350153,4.184056336544287
0x04a2458966194f09c92e3c566c77a7e342e51f95,42161,0.7761058047832228,4.182290299598785
0x8ce591b634876a18ca179d2273b5ae6f6d1c45cc,42161,0.7773974415430847,4.149744033190593
0x6cea53d54e496f61f6f41a32878b7ef6dfde7d10,42161,0.7783485196281436,4.1496405642980365
0x41db6c72d225981c3b2fc220aeb71945271c4469,42161,0.7824844684916964,4.158871877300448
0xeb8be678ff8ebaa5e9e5e5aef345cbf755876699,42161,0.7846039654870166,4.161123727363532
0x34719178b9b6147897c63ac29998eebc1c7c0f85,42161,3.4920342290024733,20.442942312536736
0xc3484ff5551257b0d8ffb65eca2f0602eda85896,42161,0.7844851224097659,4.168186454486086
0x3fe26cfd7b7d5660a3b46b04d1ce019436fadecf,42161,0.7815575106882997,4.167143723417337
0x035a204714f345201657760eea1fdcc679396c78,56,3.1555043905663784,13.977213601816688
0x8dbe21b4eb531ca7a48a8814a00cf9b9f2b1c931,42161,0.781660989097447,4.13823306268723
0x7745ee53822b728589066998122d0bb637ac82b7,42161,0.781660989097447,4.13823306268723
0x9a76fbacdc1ad700e6458a1820a9cf08c275e71f,42161,0.781660989097447,4.13823306268723
0x371cd6ac571431e49689e62f891dc0d23bd0f75c,137,0.9979729855819205,12.140929742954611
0x1b9c868e044a6c04873bce1ad7b7ad50ab316318,42161,0.786807682820974,4.146963585423356
0x3e94862ba451111f7b40eaffc67ac3c806e11dec,42161,0.8151120275795967,4.176597005676281
0x4a0a69199f8c2dc5bd8c0b67528bbb1cce3935d3,56,2.2251553655198633,12.390544844444323
0x7a283bbee399abb2b2d2c0fe07bf74cb0f952d16,42161,1.1228857053331427,11.410517124507406
0x8e5a4bbca547929924252d52ff36f4df24b3ae84,42161,0.8396404962766832,4.270066293976923
0x75adc53d95cb78dc2c69079f87e61c702bea458e,42161,0.8371623580547103,4.28897389539513
0x7baf481c0e0738fa9adca419f56ddb18f1d10fbe,42161,0.8381651205065439,4.3073617447356325
0xe0da703e1b43df90e88bbf22729d3f5b05b34b5b,42161,0.8381651205065439,4.3073617447356325
0x3acf96a575d887522e79676a9319c0e5df5e589a,42161,0.8381651205065439,4.3073617447356325
0x215ecdbd68f065ae41f0732c43200489150007b5,42161,0.8381651205065439,4.3073617447356325
0x9098fb6be72bd16faaed78a7660024c5fe610770,42161,0.8478141445823293,4.318285109396081
0xf5306ef8ee10d73eef2e82a896658f99a042768f,42161,0.8489613212091321,4.338393284570767
0x9d1ca6092bbb609ab1e496abc59f313120a06e00,42161,0.8542617583468103,4.349566233260498
0xffd2c248d84473cb528fdd297127367bb8139c9f,42161,0.8569668166229218,4.352045904192064
0xe00fa8c99361a3c464b9e0f96702f95fdb73727b,42161,0.8569668166229218,4.352045904192064
0x07f8be65fb4f8195b91db1153f24c55a532aa296,42161,0.8569668166229218,4.352045904192064
0x1f0214b8add48b5ae1ca749e430412d8e243cf51,42161,0.8569668166229218,4.352045904192064
0x27c33c4cf018a4c393f91e5f7cf99bbb135803a2,42161,0.8569668166229218,4.352045904192064
0x1f6b49862e3adab23e32a8566cb6c9c76460115f,42161,0.8569668166229218,4.352045904192064
0x5479532c5c833649936c401213222b863c655dd1,42161,0.8569668166229218,4.352045904192064
0xf2866f07467aac2eb5115a9ea90253ecbeca6030,42161,1.06875910487454,4.956490763828813
0x98cbb1357aa496776321e0d8df500c3128b654de,42161,0.8352761527031041,4.21040409009999
0x95096d521be547ccad9296fc0ebce5684e9ce64e,42161,0.8391087104998683,4.185372934833746
0x4d5a4e6e37c218162a4716d1d4502a41eeed56b9,137,1.2848076735865621,11.023345714311164
0x8f52f5eaffa522ffef4577687041188e34fe8081,1,1.7336889705663396,3.005219927246779
0x82788cee74fb33dfb8f04bbc5132acf617468bb9,137,3.461140647072318,27.639800805658645
0xeaca20b16785eae290343ab3cfa02fd546acacf1,42161,1.1135737066868479,5.7295136575616255
0x1993d3900ffdba309cec72a5188c7f165ec263e8,42161,1.1135737066868479,5.7295136575616255
0x76f50ca733dae9adc19a2fb7c2f5df34188c202b,42161,1.2000027381693967,5.13760149457498
0x71a39b8f8e2867ef653288767076a1a3dfe40b30,42161,1.1683535454849396,5.292029686995805
0x6c57c136b810640a1a8f043fb3218ba0ce597aa5,42161,1.1683535454849396,5.292029686995805
0x386d3dbb34c419b2f45e02f7c627c64411230b79,42161,1.1683535454849396,5.292029686995805
0x0af7c9a020fdfa29241ad2db1f52d14ab6e75169,42161,1.1683535454849396,5.292029686995805
0x12b69b0279bf488a7632ed4e35b2e2f4e2f1209e,42161,1.1683535454849396,5.292029686995805
0xc92d02e900edbed5f1b6296fced7ed51241d1641,42161,1.1683535454849396,5.292029686995805
0xd70d1b417f9bdc0b37f95230be911317ac669df7,42161,1.1683535454849396,5.292029686995805
0xe34048841aa2b637ff4fed96603d24f5e8e16c05,42161,1.0869792516195949,5.029430061731349
0x408d65426224f0a688400e207811c10918c76290,42161,1.0422729539121343,3.679204356820439
0x9c58c27e083221e67d8a708664b02af3b7defb28,42161,1.0730067023669516,5.172529990564766
0xd3e4dbd7aee8f4c7adc2ca892d5a182782a9db21,42161,0.9542417148934763,3.204078568210907
0x6c5b9d1128d2829585952df31e9311af40b75975,42161,0.9970352962990582,4.567751945059207
0x9ab9b7b336910c8169c599787a7542aa5b394424,42161,0.9970352962990582,4.567751945059207
0xf9f92216fa54e2a20c3e4b7ce68ef50e2895ddf7,42161,0.9054933335441686,3.577596160108629
0xd29711f6ac3a69773077eaff5c454debbbf0d497,42161,0.7766771470750645,4.016246730001377
0x689067ea6396db3a292049cd067a172b97dfe9a6,42161,1.120722391931901,3.826349705546819
0xffb84faa56af237372fa412c72077904bb8f6805,42161,0.7989082221763866,4.1396962910093285
0x62802d4f8955fd032d3701aa6cded4adeb192b5c,42161,1.0600558659217878,3.6904761904761907
0xc7c0eb4dd0b4fe9442997a4de7a37b2b1ac90312,10,2.0750061993804825,7.599117168495159
0x732a7e129d920c731446a4056c5660e60717e9dd,10,2.0896426408237434,7.650655553189548
0x148590729f2ebddc977d277110e7acf3e09b9403,10,2.0896426408237434,7.650655553189548
0x2c93e77da3f2889a7795650ec2bdb1e95b16954a,10,2.0750061993804825,7.599117168495159
0xd6c209cd02760db3622ce73ea7273b288fd1066c,10,2.0896426408237434,7.650655553189548
0x55f55021870972b91994b1f5d345053d90ed5395,10,2.0750061993804825,7.599117168495159
0xbf618f3f35483331e7715196af5b9ed02aa16f1b,10,2.0750061993804825,7.599117168495159
0xeb6e75e1717827c87ce4464d05c7d77aa61fba55,42161,1.163519198066768,4.1917859834212505
0x60f6636a5f07330c77411351d61bc838aeb16c7a,42161,0.9789483649631306,3.339101970727519
0xdcc95ab9b41284f4600680524a7d969ae44b9e0f,42161,0.6659456452142801,2.9953649006756806
0x8fcf40fe514648bd5726b75eb49643270529665b,42161,0.6659456452142801,2.9953649006756806
0xc0b939b7f683d69bbbe046fc204ce482ebbd26f5,137,1.2500119708485895,11.7214555518157
0xb3ccee70cb88dbc18f4bce8e3d389c4f91982e20,42161,1.3018906635663348,4.28824972594874
0x4278b0ee5511802d998109307d7d1d46d0d06a14,42161,0.6659456452142801,2.9953649006756806
0xbd9bdb372c37224c02d0b3cc4aa83812505931d3,42161,0.6659456452142801,2.9953649006756806
0x6479470bdfc444138925feac29ac4ff4b7f0c143,42161,0.6659456452142801,2.9953649006756806
0x7953a73711f6b35d20fcc1734641a37175f50f75,42161,0.6659456452142801,2.9953649006756806
0x17a6cc72b4ebf2d3b82559f56f059a61d1a056b7,42161,0.6659456452142801,2.9953649006756806
0xb25e91299ea70dea75df15f1225269017a48689e,42161,0.6659456452142801,2.9953649006756806
0x283a764ad7332aafafe5c14b1fa45b9295bbf372,42161,0.6659456452142801,2.9953649006756806
0x35407fdb749a1389e58ac28cd8316e871b2b82ee,42161,1.2233624576699285,3.846740955579301
0x37ac35c57b0ed7614c4445866d862e0002092191,42161,1.2347328120926684,3.9891855114501085
0xfcd57628b1a9c206aedb73a015070f51f44eecbc,42161,1.2347328120926684,3.9891855114501085
0x63f6d6cc403edc31edd7cc33bdb2eb835a71e4f0,42161,1.2342599926973947,4.0401979288884355
0xf5330f00c62dec459f6cf28a03ebe9301c0433bd,42161,1.0889247462329983,3.8954336905424256
0x6d6f23b42521b3b35fb0f1bc01258023133a3af9,42161,1.1991430172782662,3.9134196864020137
0xf95c722d26d1b646d2670d40ef257364f24373b0,42161,1.1889537796059804,3.745138581204155
0x59d898d5db5364cd83f09a3d7dfdb78f1a5d347e,42161,1.1460148159748538,3.682833093626954
0xed586886bb186ee12c5e5ece3caaeab66d6504be,42161,1.0796321712533676,3.670166650611695
0x87a0bf0b57c2dcaae1609a233f46bb015c43fba8,42161,0.9637889426516777,3.3973639424991853
0xc5f035fd03e940e1f79921fe06bdc6a9e06bed59,42161,0.9432914431078188,3.278582409580063
0xf31e42be96e1db0ed69d1fad155e6a52af84b2e8,42161,0.9484923674887517,3.2545571581158796
0xc1f7c2b7251b5077a2211a4ae25cfe647b643cad,42161,0.9619345834358028,3.319180435480942
0x7de024661d936ba3c08264977a5235aa7251a68e,42161,0.9789483649631306,3.339101970727519
0xb17dbb20b7b4f6c24dd18451aef6cdf9c4697b50,137,0.6527039370767834,12.26721134206416
0x01521f06c55526a7fff11236b9a4ea65986bc1b3,42161,0.9789483649631306,3.339101970727519
0x2e0f55e7fdc3d528c4c1273569a0281942bf09cd,42161,0.9886131771210427,3.349931206184892
0x3d41ae4d87e7d8dd21e456806d1e6ad444bcb1f7,42161,1.1360733149852222,3.872994353018079
0x1c8f8aa888a56edbbf1013607177acd9ec16b196,42161,1.1360733149852222,3.872994353018079
0xe93dc6c9d2c684e17e3e9fda981cee99b9278bb3,42161,1.0091476054797421,3.4675395274060534
0x897c538fe1af56c7c2ceedbb7fcce23df346a1de,42161,1.018254575697127,3.4700315457413247
0x7c2a52e2c1ff523e4b6e41a3ef86e3a6214a31b9,42161,1.018254575697127,3.4700315457413247
0xc9bb04b752d96422d7ec5faa626607a188ca4ef2,42161,1.0605404371978082,3.7884920506427484
0x5357a7917947e386882041ac9287d5b51d7bb41b,42161,1.1166743940946402,4.03763548871605
0xe8996688529d3087a571e4c97b88bc98cdc441a6,42161,1.1262656556110322,4.050052355028689
0xafdf9cd8e2ab30e7b41c18dd19c68245e258d9e9,42161,1.0889247462329983,3.8954336905424256
0xb1c612ca9e2a64785f35f7a16b6a14422ccf0102,42161,1.0790609405209772,3.721165848312579
0xee56ac21f719eb4d23cd2db4e69308b56cbf8bb0,42161,1.1038211005690741,3.929797033391281
0x8220390ab0b931619f46ef16412bd544b2148556,42161,0.9054933335441686,3.577596160108629
0x347cdb8456d20d69557859caca01d23bee137701,1,1.7250845869254627,3.0339919385450895
0x8a54fca512df59efd415d84ac0d78fb05f9af607,42161,0.8587359049145773,3.4901844129796245
0x36d0ba637140f64caf371efafe612d6eef0c0004,42161,0.8587359049145773,3.4901844129796245
0xc7a1644ff79ed972e51fe5e9a699d1b0126418ea,42161,0.8310465899197724,3.4250737533227187
0x9ab0f2a50cf40fc2932356bc139f3c3500c4b9ab,42161,1.7999961736402073,16.140311386231478
0x30ac233b07ff315e270388cbcd231ffd6574c66c,56,2.386809214744867,13.056369997468664
0xcd36d43c8b83b4447f20a80b45fad9d482485f1e,10,3.4060314810872607,23.04298342713709
0x0343a1f0d6af1a0309331804bb5067bda42911c8,10,3.4060314810872607,23.04298342713709
0x499432b5eca0cf6381f0c6b6d7c5a4fb4ccbe717,42161,2.161018367852575,18.35181910732465
0x25df0b308173245e587cfb0a7c48109172ec073d,42161,2.8144127129420693,25.515224146297648
0x1b7fb04b123672cdf9861b7380a8906e00f7a815,42161,2.8144127129420693,25.515224146297648
0x434d84fa09ee740ae05bcf2836991873c8ec940d,42161,2.8144127129420693,25.515224146297648
0x7840142c42e5488d19361b9299f0d9aa73cc8cb5,42161,2.8144127129420693,25.515224146297648
0x4e4128f4a4032775e51fe81b24fb130b5cada4f5,42161,2.818649085457109,25.603087809585073
0x9dd0aa5517c5b526934fab57285135934721c727,42161,2.818649085457109,25.603087809585073
0xd379bb18e8ed0df9d2736d9622f0151e272a3797,42161,2.818649085457109,25.603087809585073
0x7eaea3d890157a86a7da0d05bff87c7351084b3b,42161,2.818649085457109,25.603087809585073
0xbf31614ad0b729666960c35df2e2520cff5c1a1a,42161,2.818649085457109,25.603087809585073
0xa9aba651f0a6ffc2533cac9755d04af63d09e227,42161,2.818649085457109,25.603087809585073
0x5012f3e973dd61d1cc5887891898de4d03a08c05,42161,2.818649085457109,25.603087809585073
0x3c8bce47add39fbef5f60c633977a7c80a47bc1d,42161,2.818649085457109,25.603087809585073
0x63cf38fb8c57ae446635ee23bc25b59feba0966e,42161,2.818649085457109,25.603087809585073
0xbe50ff3f2b7f8e44ff51b22801e5b53ffca548b6,42161,2.818649085457109,25.603087809585073
0xf01275647ba42d8a201ad2cd807082ed7665acd2,42161,2.818649085457109,25.603087809585073
0xf5c6f64a8933b2448f519e5356d99fb89c4df53d,56,2.3089687193910566,12.220975927958888
0xbe898a08183903ba62310c33907ba49695ec79c5,42161,4.550784521748842,42.89813486370158
0x565f4f5ce4d8d71d0e61ae628619fa81644a54d0,56,2.1583495383562377,12.702107808947543
0x09e808d74e02c9efb84fde646b6e8409f84d70b9,56,2.3089687193910566,12.220975927958888
0xd09b2e63955b35e56b8de10423b77eb583f35039,42161,4.550784521748842,42.89813486370158
0x819b709ee4c6babcc7b0f582fffc2ea925128aa8,56,2.3089687193910566,12.220975927958888
0x3eb752b8d680937d12f37ae80283fd6033b6133a,56,2.1583495383562377,12.702107808947543
0xa57ecd7d948c581c3ea5fe17d954769e3f2e8574,56,2.3089687193910566,12.220975927958888
0x1662172361ed56198cb7b7179bf4141aa466d453,56,2.1583495383562377,12.702107808947543
0xbb9c20616a5c83a4dc5dea6677b03654fd47f5c1,56,2.3089687193910566,12.220975927958888
0x8b1cf826e4ba23778c21f769fb7e24114aa8f608,56,2.1583495383562377,12.702107808947543
0x5520ff3de4e438593ac117a5b0fa8e6444ae4d03,56,2.1583495383562377,12.702107808947543
0xdbdca758dfba6a21262400d726428141c5ed720c,42161,5.907187697811228,47.86533827284825
0x01c4316c577ae4e5cf927351c12eb4f77b5ac8b0,42161,5.907187697811228,47.86533827284825
0x9a25fcdbf80b09658d4bba0bfe8ad6e68d5c900c,56,2.967060127907348,13.524000283463106
0x3e5295b866dabe26ac3e6f8ede3543bff1c94cb1,42161,1.884729583483642,15.402472874085287
0x0c75773ef8686042b84124921d7fe069036d0267,42161,1.7999961736402073,16.140311386231478
0x69155e7ca2e688ccdc247f6c4ddf374b3ae77bd6,42161,1.52917215658762,15.032904364484573
0x81b90f97a89b7793fd238922ed8c905f483c38d6,1,1.8248820836027353,3.132228652049647
0x82ca47c84dd9315a7af20f15f8ca0d0b45f14a29,1,1.8248820836027353,3.132228652049647
0x664e45e5aaffb1df385f6a4226d0008cf3745ae9,1,1.8248820836027353,3.132228652049647
0x0d797fc90f69624b49c9bb1a5bb5d664d1dfb254,1,1.8248820836027353,3.132228652049647
0x863a41ae1060aab0f82598cd7c0af0211a280976,1,1.8248820836027353,3.132228652049647
0x9115b7d77adc9c751d106abb661824c1e8a1bb12,1,1.8248820836027353,3.132228652049647
0x2c75e83c926f988db3da9932a9367ac82b6aea28,1,1.8548325196817288,3.1679308825270582
0x17710b9e26a497849072d2234d4ff21399b580f1,1,1.8548325196817288,3.1679308825270582
0x3865ec7d9acad824a305cdfb177a849c4deede0f,1,1.8548325196817288,3.1679308825270582
0x77c96e48fa5e01d42ade970b5b6b098aa8549d5b,1,1.8548325196817288,3.1679308825270582
0x491771c9ac70a1b5b4cf7e114aa10fdf8043813a,42161,1.0701689171666176,11.018863136525123
0x77788cfe3ac137ae7f996eaa37cb2999135b4d94,42161,0.8476479228042382,8.638899355843195
